Date,Active Energy (kcal)_x,Apple Exercise Time (min),Body Fat Percentage (%),Body Mass Index (count),Lean Body Mass (lb),Resting Heart Rate (count/min),Step Count (count)_x,Weight & Body Mass (lb) ,Type,Duration,Total Energy (kcal),Active Energy (kcal)_y,Max Heart Rate (bpm),Avg Heart Rate (bpm),Distance (mi),Avg Speed(mi/hr),Step Count (count)_y,Step Cadence (spm)
2023-01-01,578.43,35.0,14.9,26.8,164.6,61.0,3138,193.4,Yoga,0:10:22,70.66,51.0,104,87.96,,,,
2023-01-01,578.43,35.0,14.9,26.8,164.6,61.0,3138,193.4,Cycling,0:20:00,236.26,192.0,143,120.16,5.34,16.02,62.0,0.052
2023-01-02,897.35,35.0,14.74,26.6,163.6,52.0,5074,191.8,Cycling,0:30:00,452.54,374.0,171,138.04,8.5,17.0,77.0,0.043
2023-01-03,718.88,52.0,14.53,26.3,162.2,56.0,7489,189.8,Traditional Strength Training,0:48:24,347.35,235.45,123,94.0,,,661.0,0.228
2023-01-04,810.94,57.0,14.63,26.4,162.8,54.0,6668,190.8,Traditional Strength Training,0:51:53,338.17,252.43,132,94.3,,,1054.0,0.339
2023-01-05,947.23,81.0,14.39,26.1,161.4,58.0,6383,188.4,Cycling,0:15:00,226.58,177.0,170,133.61,4.38,17.52,72.0,0.08
2023-01-05,947.23,81.0,14.39,26.1,161.4,58.0,6383,188.4,Traditional Strength Training,1:01:58,480.16,354.75,148,103.47,,,1168.0,0.314
2023-01-07,731.6,54.0,14.34,26.0,161.0,51.0,5953,188,Traditional Strength Training,0:49:07,392.48,294.51,158,104.69,,,844.0,0.286
2023-01-08,606.86,32.0,14.35,26.1,161.2,55.0,3729,188.2,Cycling,0:10:01,131.93,90.0,129,113.98,2.72,16.29,30.0,0.05
2023-01-08,606.86,32.0,14.35,26.1,161.2,55.0,3729,188.2,Cycling,0:20:03,233.68,173.0,134,112.81,5.75,17.21,76.0,0.063
2023-01-09,1090.0,76.0,14.34,26.1,161.2,54.0,8821,188.2,Traditional Strength Training,1:04:44,579.9,447.04,154,112.13,,,1306.0,0.336
2023-01-10,870.57,62.0,14.24,25.9,160.6,52.0,7465,187.2,Traditional Strength Training,0:56:24,472.29,357.73,150,103.24,,,953.0,0.282
2023-01-11,851.19,37.0,14.29,26.0,160.8,52.0,8845,187.6,Running,0:10:00,158.9,119.0,172,136.57,0.54,3.24,347.0,0.578
2023-01-11,851.19,37.0,14.29,26.0,160.8,52.0,8845,187.6,Running,0:20:00,297.76,261.0,174,140.87,1.62,4.86,1255.0,1.05
2023-01-12,920.75,92.0,14.24,25.9,160.6,53.0,6968,187.2,Traditional Strength Training,1:26:27,619.54,458.68,149,99.56,,,998.0,0.192
2023-01-15,679.09,50.0,14.34,26.0,161.0,51.0,6387,188,Traditional Strength Training,0:42:15,350.8,261.31,150,108.19,,,1195.0,0.471
2023-01-16,891.48,60.0,14.29,26.0,160.8,50.0,7892,187.8,Traditional Strength Training,0:51:50,373.31,264.88,153,98.13,,,536.0,0.172
2023-01-17,838.31,60.0,14.33,26.0,161.0,51.0,5422,188,Traditional Strength Training,0:55:46,527.2,405.86,161,114.59,,,886.0,0.265
2023-01-18,744.08,38.0,14.39,26.1,161.4,49.0,8544,188.4,Walking,0:30:00,400.07,344.0,166,127.43,2.16,4.32,3721.0,2.07
2023-01-19,1018.0,93.0,14.18,25.8,160.0,47.0,7638,186.6,Traditional Strength Training,1:26:49,628.75,487.54,153,101.73,,,1317.0,0.253
2023-01-20,567.82,15.0,14.18,25.8,160.2,45.0,6742,186.6,Walking,0:10:49,87.0,51.43,88,78.25,0.491,2.72,609.0,0.938
2023-01-21,786.18,66.0,14.19,25.9,160.2,50.0,6867,186.8,Traditional Strength Training,0:15:39,117.7,75.26,119,98.5,,,350.0,0.373
2023-01-21,786.18,66.0,14.19,25.9,160.2,50.0,6867,186.8,Traditional Strength Training,0:36:10,264.9,194.85,142,98.2,,,348.0,0.16
2023-01-23,951.08,64.0,14.19,25.9,160.2,53.0,6500,186.8,Traditional Strength Training,0:58:42,575.27,456.15,165,117.72,,,877.0,0.249
2023-01-24,892.07,68.0,14.13,25.8,159.8,54.0,5049,186,Traditional Strength Training,1:00:40,521.87,389.74,158,108.99,,,1311.0,0.36
2023-01-25,808.1,36.0,14.08,25.7,159.4,50.0,9402,185.6,Running,0:30:00,512.95,436.0,170,150.91,2.31,4.62,3664.0,2.04
2023-01-27,776.17,66.0,13.93,25.5,158.6,52.0,5334,184.4,Traditional Strength Training,1:02:09,451.81,346.47,158,98.0,,,741.0,0.199
2023-01-28,946.19,48.0,13.98,25.6,159.0,52.0,10784,184.8,Running,0:34:41,513.71,426.96,190,166.61,3.14,5.43,5102.0,2.45
2023-01-29,605.43,51.0,13.94,25.5,158.8,53.0,4965,184.4,Traditional Strength Training,0:45:39,375.57,274.02,154,109.59,,,681.0,0.249
2023-01-30,678.73,57.0,13.98,25.6,158.8,47.0,3126,184.6,Traditional Strength Training,0:53:52,434.79,315.74,160,105.47,,,1142.0,0.353
2023-02-04,852.98,32.0,13.69,25.2,157.2,47.0,6028,182,Cycling,0:30:00,435.85,361.0,172,134.3,8.4,16.8,15.0,0.008
2023-02-06,798.43,79.0,13.84,25.4,158.0,47.0,4660,183.4,Traditional Strength Training,1:15:05,543.96,416.29,157,103.58,,,1108.0,0.246
2023-02-07,1079.0,92.0,13.73,25.3,157.4,49.0,7713,182.4,Traditional Strength Training,1:22:32,695.59,533.53,157,111.14,,,1284.0,0.259
2023-02-09,871.68,62.0,13.84,25.4,158.0,47.0,7556,183.4,Traditional Strength Training,0:57:55,412.1,315.3,154,95.88,,,973.0,0.28
2023-02-11,980.72,100.0,13.59,25.1,156.6,51.0,5084,181.2,Traditional Strength Training,1:39:25,654.72,478.25,140,81.37,,,978.0,0.164
2023-02-12,773.42,33.0,13.58,25.0,156.4,50.0,7406,180.8,Cycling,0:10:01,158.64,119.0,152,137.76,2.88,17.25,,
2023-02-12,773.42,33.0,13.58,25.0,156.4,50.0,7406,180.8,Running,0:20:32,316.2,254.0,168,132.4,1.46,4.27,2622.0,2.13
2023-02-14,817.44,62.0,13.43,24.8,155.4,49.0,7347,179.4,Traditional Strength Training,0:55:13,446.39,329.29,163,109.5,,,740.0,0.223
2023-02-16,905.74,64.0,13.58,25.1,156.4,51.0,7845,181,Traditional Strength Training,0:53:02,375.28,288.57,145,97.02,,,771.0,0.242
2023-02-17,724.55,59.0,13.64,25.1,156.8,52.0,5375,181.6,Traditional Strength Training,0:49:46,375.34,264.08,160,104.47,,,759.0,0.254
2023-02-18,932.67,42.0,13.73,25.3,157.4,54.0,10384,182.4,Running,0:29:21,492.57,414.88,182,170.04,3.09,6.31,4333.0,2.46
2023-02-19,746.82,64.0,13.7,25.2,157.2,52.0,4826,182.2,Traditional Strength Training,1:02:17,430.04,301.9,141,95.62,,,807.0,0.216
2023-02-21,947.57,57.0,13.43,24.9,155.4,51.0,7338,179.6,Traditional Strength Training,0:50:59,496.72,386.49,162,120.55,,,559.0,0.183
2023-02-23,751.26,66.0,13.39,24.8,155.4,52.0,4579,179.4,Traditional Strength Training,1:01:47,460.82,336.67,148,96.99,,,871.0,0.235
2023-02-24,830.59,93.0,13.44,24.9,155.6,50.0,6772,179.8,Traditional Strength Training,1:27:55,605.76,439.67,158,96.23,,,825.0,0.156
2023-02-26,856.26,62.0,13.63,25.1,156.8,54.0,5547,181.4,Traditional Strength Training,0:58:17,521.53,418.1,155,118.49,,,1479.0,0.423
2023-02-28,1048.0,69.0,13.74,25.3,157.6,53.0,10083,182.6,Running,0:10:51,173.42,131.6,184,154.45,0.941,5.2,1461.0,2.24
2023-02-28,1048.0,69.0,13.74,25.3,157.6,53.0,10083,182.6,Traditional Strength Training,0:53:57,432.84,315.52,151,108.92,,,677.0,0.209
2023-03-01,724.84,67.0,13.53,25.0,156.2,55.0,4279,180.6,Traditional Strength Training,0:57:34,458.41,339.8,156,106.64,,,708.0,0.205
2023-03-03,839.1,61.0,13.38,24.8,155.2,49.0,5328,179.2,Traditional Strength Training,0:54:48,471.79,357.18,166,115.07,,,1076.0,0.327
2023-03-04,949.05,41.0,13.43,24.8,155.4,54.0,9976,179.4,Running,0:29:23,470.1,392.72,187,174.42,3.09,6.3,4428.0,2.51
2023-03-07,953.58,65.0,13.59,25.1,156.6,55.0,8843,181.2,Traditional Strength Training,0:58:37,524.33,402.55,161,115.93,,,586.0,0.167
2023-03-08,885.44,81.0,13.64,25.2,156.8,52.0,6781,181.6,Traditional Strength Training,1:13:58,536.32,394.77,153,101.5,,,1172.0,0.264
2023-03-10,796.79,67.0,13.68,25.2,157.0,48.0,6425,182,Traditional Strength Training,1:03:46,494.34,362.48,161,103.43,,,1259.0,0.329
2023-03-11,1023.0,51.0,13.68,25.2,157.0,55.0,13070,182,Running,0:29:08,491.19,414.29,189,178.09,3.12,6.41,4321.0,2.47
2023-03-12,842.17,68.0,13.94,25.5,158.8,53.0,7469,184.6,Traditional Strength Training,1:05:05,473.94,363.55,150,105.68,,,1141.0,0.292
2023-03-13,712.96,39.0,13.68,25.2,157.0,48.0,4305,181.8,Running,0:05:48,99.6,63.72,168,139.37,0.503,5.2,806.0,2.31
2023-03-13,712.96,39.0,13.68,25.2,157.0,48.0,4305,181.8,Cycling,0:30:00,385.23,308.0,156,124.53,8.41,16.82,339.0,0.188
2023-03-14,692.46,47.0,13.59,25.1,156.6,46.0,6621,181.2,Traditional Strength Training,0:42:34,297.29,202.15,144,93.14,,,566.0,0.222
2023-03-15,799.38,75.0,13.63,25.1,156.6,47.0,4675,181.4,Traditional Strength Training,1:10:03,494.31,353.17,145,89.41,,,1154.0,0.275
2023-03-16,645.0,19.0,13.5,25.0,156.17,49.0,8106,180.56,Running,0:11:31,165.26,120.55,167,138.3,0.997,5.19,1615.0,2.34
2023-03-17,844.84,81.0,13.5,25.0,155.99,48.0,6954,180.42,Traditional Strength Training,1:13:52,532.59,382.78,146,104.12,,,1507.0,0.34
2023-03-18,1093.0,93.0,13.5,25.0,156.0,51.0,9828,180.34,Running,0:04:41,90.29,56.78,173,157.1,0.475,6.07,866.0,3.07
2023-03-18,1093.0,93.0,13.5,25.0,156.0,51.0,9828,180.34,Running,0:02:51,33.55,28.3,148,135.53,0.245,5.14,416.0,2.42
2023-03-18,1093.0,93.0,13.5,25.0,156.0,51.0,9828,180.34,Traditional Strength Training,1:16:21,508.08,383.51,141,94.86,,,1153.0,0.252
2023-03-19,891.92,45.0,13.5,25.0,156.09,52.0,10614,180.45,Running,0:41:29,580.53,487.2,180,150.77,3.3,4.77,5223.0,2.1
2023-03-21,982.46,93.0,13.77,25.3,157.4,46.0,8202,182.6,Traditional Strength Training,1:24:53,559.86,418.61,164,92.23,,,1193.0,0.234
2023-03-22,1032.0,91.0,13.9,25.4,158.11,50.0,8804,183.64,Running,0:19:44,316.41,254.37,179,155.67,1.91,5.82,2869.0,2.42
2023-03-22,1032.0,91.0,13.9,25.4,158.11,50.0,8804,183.64,Traditional Strength Training,0:59:54,431.17,328.28,147,96.94,,,1044.0,0.29
2023-03-23,659.91,35.0,13.7,25.3,157.54,46.0,4706,182.54,Cycling,0:20:00,261.08,205.0,154,126.0,5.29,15.87,10.0,0.008
2023-03-23,659.91,35.0,13.7,25.3,157.54,46.0,4706,182.54,Running,0:05:15,89.71,60.0,151,132.98,0.498,5.69,775.0,2.46
2023-03-23,659.91,35.0,13.7,25.3,157.54,46.0,4706,182.54,Running,0:05:20,89.02,57.15,145,131.88,0.508,5.71,848.0,2.65
2023-03-24,844.53,88.0,13.6,25.0,156.2,50.0,6632,180.78,Traditional Strength Training,1:13:08,547.17,403.02,160,103.47,,,1022.0,0.233
2023-03-24,844.53,88.0,13.6,25.0,156.2,50.0,6632,180.78,Running,0:10:43,164.46,120.96,172,148.84,1.03,5.75,1568.0,2.44
2023-03-25,951.64,100.0,13.5,25.0,155.89,47.0,7559,180.23,Traditional Strength Training,1:34:47,654.98,473.49,141,98.22,,,1851.0,0.325
2023-03-26,596.42,27.0,13.6,25.0,156.2,45.0,6731,180.78,Running,0:25:10,329.03,260.75,151,131.08,2.11,5.04,3534.0,2.34
2023-03-27,874.42,66.0,13.6,25.1,156.48,40.0,6174,181.11,Traditional Strength Training,0:20:08,144.91,92.14,103,77.77,,,9.0,0.007
2023-03-27,874.42,66.0,13.6,25.1,156.48,40.0,6174,181.11,Traditional Strength Training,0:42:52,288.85,215.72,149,93.28,,,599.0,0.233
2023-03-28,862.9,100.0,13.5,24.9,155.8,49.0,6301,180.12,Traditional Strength Training,1:32:45,655.7,482.19,146,89.91,,,1331.0,0.239
2023-03-29,782.49,30.0,13.5,25.0,156.17,48.0,8972,180.56,Running,0:26:30,349.31,280.5,160,137.51,2.33,5.27,3870.0,2.43
2023-03-30,746.27,75.0,13.5,25.0,155.89,48.0,3662,180.23,Traditional Strength Training,1:12:43,511.79,366.79,151,94.19,,,903.0,0.207
2023-03-31,780.32,33.0,13.4,24.9,155.6,48.0,9062,179.67,Running,0:31:31,444.7,364.81,162,147.15,2.78,5.28,4618.0,2.44
2023-04-01,805.87,68.0,13.5,25.0,156.09,47.0,7258,180.45,Traditional Strength Training,1:01:52,394.53,285.92,130,91.88,,,1179.0,0.318
2023-04-02,449.13,15.0,13.5,25.0,156.28,49.0,4290,180.67,Cycling,0:06:43,64.18,30.32,104,103.25,0.853,7.61,47.0,0.116
2023-04-02,449.13,15.0,13.5,25.0,156.28,49.0,4290,180.67,Cycling,0:12:45,84.51,42.62,107,81.69,1.22,5.72,130.0,0.17
2023-04-03,1111.0,89.0,13.5,25.0,156.17,51.0,10304,180.56,Traditional Strength Training,0:56:00,394.6,279.13,144,96.32,,,1015.0,0.302
2023-04-03,1111.0,89.0,13.5,25.0,156.17,51.0,10304,180.56,Running,0:27:18,377.88,306.44,165,139.99,2.36,5.18,3866.0,2.36
2023-04-04,731.15,59.0,13.5,24.9,155.6,50.0,6849,179.9,Traditional Strength Training,0:48:35,333.18,251.42,148,97.82,,,1089.0,0.374
2023-04-05,671.11,30.0,13.4,24.8,155.23,49.0,7653,179.23,Running,0:26:48,374.96,306.01,168,143.07,2.3,5.14,3808.0,2.37
2023-04-06,682.73,43.0,13.6,25.0,156.2,46.0,5367,180.78,Traditional Strength Training,0:37:08,280.72,195.98,157,100.61,,,950.0,0.426
2023-04-07,1092.0,92.0,13.5,24.9,155.71,48.0,10079,180.01,Running,0:30:37,432.4,352.68,164,144.24,2.69,5.26,4470.0,2.43
2023-04-07,1092.0,92.0,13.5,24.9,155.71,48.0,10079,180.01,Traditional Strength Training,0:55:40,418.71,301.25,147,100.36,,,1525.0,0.457
2023-04-10,1460.0,115.0,13.4,24.8,155.31,52.0,12851,179.34,Traditional Strength Training,0:59:03,518.73,395.57,166,117.37,,,1185.0,0.334
2023-04-10,1460.0,115.0,13.4,24.8,155.31,52.0,12851,179.34,Running,0:43:43,637.45,536.42,178,152.6,4.07,5.58,6454.0,2.46
2023-04-11,755.93,59.0,13.3,24.7,154.72,50.0,6891,178.46,Traditional Strength Training,0:53:38,423.31,308.66,155,106.42,,,1380.0,0.429
2023-04-12,834.43,37.0,13.6,25.0,156.2,49.0,9512,180.78,Running,0:02:44,36.45,31.06,165,154.96,0.258,5.64,398.0,2.42
2023-04-12,834.43,37.0,13.6,25.0,156.2,49.0,9512,180.78,High Intensity Interval Training,0:15:01,187.43,160.73,170,136.15,,,1613.0,1.79
2023-04-12,834.43,37.0,13.6,25.0,156.2,49.0,9512,180.78,Running,0:10:17,123.69,105.17,149,138.29,0.884,5.15,1451.0,2.35
2023-04-13,853.82,101.0,13.6,25.1,156.86,50.0,10270,181.55,Walking,0:15:20,115.02,64.11,93,80.0,0.695,2.72,973.0,1.06
2023-04-13,853.82,101.0,13.6,25.1,156.86,50.0,10270,181.55,Walking,0:13:49,112.97,65.42,97,85.19,0.645,2.8,1324.0,1.6
2023-04-13,853.82,101.0,13.6,25.1,156.86,50.0,10270,181.55,Walking,0:09:57,65.48,47.54,92,85.15,0.464,2.79,920.0,1.54
2023-04-13,853.82,101.0,13.6,25.1,156.86,50.0,10270,181.55,Traditional Strength Training,0:55:02,378.88,265.3,141,90.58,,,725.0,0.22
2023-04-14,1253.0,86.0,13.6,25.0,156.2,47.0,14019,180.78,Running,0:40:18,610.13,513.21,170,155.22,3.42,5.1,5790.0,2.39
2023-04-14,1253.0,86.0,13.6,25.0,156.2,47.0,14019,180.78,Traditional Strength Training,0:40:28,264.88,195.76,143,91.73,,,790.0,0.325
2023-04-16,790.22,65.0,13.4,24.8,155.23,49.0,7231,179.23,Traditional Strength Training,1:01:25,453.21,327.53,153,96.91,,,1087.0,0.295
2023-04-17,821.94,45.0,13.4,24.8,155.23,46.0,7421,179.23,Traditional Strength Training,0:39:11,288.78,199.04,139,99.25,,,859.0,0.365
2023-04-19,1148.0,84.0,13.4,24.8,155.31,52.0,14140,179.34,Running,0:27:07,321.01,272.7,161,132.75,2.09,4.61,3605.0,2.22
2023-04-19,1148.0,84.0,13.4,24.8,155.31,52.0,14140,179.34,Traditional Strength Training,0:44:31,329.47,228.74,165,102.67,,,1192.0,0.446
2023-04-21,956.31,58.0,13.3,24.7,154.83,51.0,9251,178.57,Running,0:05:58,38.3,6.18,84,74.38,,,,
2023-04-21,956.31,58.0,13.3,24.7,154.83,51.0,9251,178.57,Running,0:27:40,382.69,334.0,180,162.01,2.28,4.93,3887.0,2.34
2023-04-21,956.31,58.0,13.3,24.7,154.83,51.0,9251,178.57,Traditional Strength Training,0:26:16,226.93,180.77,143,117.84,,,817.0,0.518
2023-04-24,639.1,61.0,13.6,25.1,156.37,47.0,3925,181,Traditional Strength Training,0:55:35,382.24,268.59,137,88.83,,,785.0,0.235
2023-04-25,803.91,57.0,13.7,25.2,156.86,50.0,6896,181.77,Cycling,0:20:00,232.83,173.0,147,112.38,5.43,16.29,,
2023-04-25,803.91,57.0,13.7,25.2,156.86,50.0,6896,181.77,Traditional Strength Training,0:27:41,193.99,126.01,127,91.13,,,540.0,0.325
2023-04-26,772.94,35.0,13.6,25.1,156.86,48.0,4553,181.55,Cycling,0:30:09,369.43,316.0,139,117.02,8.81,17.53,243.0,0.134
2023-04-27,667.52,43.0,13.6,25.1,156.77,48.0,4681,181.44,Traditional Strength Training,0:41:27,287.07,195.41,131,87.27,,,840.0,0.338
2023-04-28,604.76,37.0,13.7,25.2,156.86,49.0,5590,181.77,Traditional Strength Training,0:30:21,219.17,142.91,133,89.05,,,325.0,0.178
2023-04-29,823.06,47.0,13.5,24.9,155.6,57.0,11335,179.9,Running,0:28:56,444.04,368.35,183,168.43,3.14,6.51,4279.0,2.46
2023-05-02,755.22,73.0,13.5,24.9,155.8,51.0,6862,180.12,Preparation and Recovery,0:10:00,75.08,34.0,91,79.19,,,,
2023-05-02,755.22,73.0,13.5,24.9,155.8,51.0,6862,180.12,Traditional Strength Training,0:59:01,409.57,287.9,149,96.83,,,917.0,0.259
2023-05-03,640.59,41.0,13.4,24.8,154.94,49.0,6738,178.9,Traditional Strength Training,0:32:58,223.96,144.09,117,83.04,,,770.0,0.389
2023-05-04,540.57,34.0,13.3,24.7,154.54,49.0,5441,178.24,Traditional Strength Training,0:31:58,230.53,152.52,138,92.41,,,247.0,0.129
2023-05-05,560.59,55.0,13.5,24.9,155.71,47.0,3506,180.01,Traditional Strength Training,0:51:50,353.27,242.06,128,90.1,,,1407.0,0.452
2023-05-06,780.2,38.0,13.5,24.9,155.6,48.0,9417,179.9,Running,0:30:12,463.66,385.36,176,161.77,2.8,5.55,4391.0,2.42
2023-05-08,733.16,59.0,13.6,25.1,156.86,49.0,7504,181.55,Traditional Strength Training,0:49:53,358.66,251.29,142,95.67,,,648.0,0.216
2023-05-09,858.22,76.0,13.5,25.0,156.09,53.0,9850,180.45,Traditional Strength Training,0:45:10,357.04,254.76,144,108.24,,,617.0,0.228
2023-05-09,858.22,76.0,13.5,25.0,156.09,53.0,9850,180.45,Running,0:25:47,317.05,271.6,166,141.77,2.24,5.2,3644.0,2.36
2023-05-11,941.46,71.0,13.5,24.9,155.6,49.0,8196,179.9,Traditional Strength Training,0:58:17,518.84,392.5,160,117.48,,,1121.0,0.321
2023-05-12,1017.0,65.0,13.4,24.8,155.23,48.0,11260,179.23,Running,0:27:06,428.13,355.04,184,166.62,2.63,5.83,3899.0,2.4
2023-05-13,680.6,77.0,13.4,24.9,155.6,49.0,5037,179.67,Running,0:13:00,156.37,110.67,151,115.31,0.932,4.3,1554.0,1.99
2023-05-13,680.6,77.0,13.4,24.9,155.6,49.0,5037,179.67,Bowling,0:55:48,366.18,253.45,86,59.58,0.164,0.176,309.0,0.092
2023-05-15,1391.0,129.0,13.6,25.1,156.66,54.0,9553,181.33,Cycling,0:33:51,372.86,286.74,158,128.14,7.37,13.06,124.0,0.061
2023-05-15,1391.0,129.0,13.6,25.1,156.66,54.0,9553,181.33,Running,0:25:08,391.23,322.05,172,157.93,2.32,5.53,3662.0,2.43
2023-05-15,1391.0,129.0,13.6,25.1,156.66,54.0,9553,181.33,Traditional Strength Training,0:59:40,445.59,345.79,155,107.14,,,1038.0,0.29
2023-05-16,714.14,35.0,13.6,25.0,156.2,59.0,8108,180.78,Traditional Strength Training,0:32:03,244.52,164.78,137,101.75,,,729.0,0.379
2023-05-17,820.6,35.0,13.5,24.9,155.71,53.0,10132,180.01,Running,0:30:06,431.31,356.37,162,146.78,2.72,5.42,4261.0,2.36
2023-05-18,847.55,73.0,13.4,24.8,155.23,53.0,6816,179.23,Traditional Strength Training,1:09:26,516.52,366.68,148,93.95,,,1038.0,0.249
2023-05-19,639.57,37.0,13.5,24.9,155.6,49.0,5689,179.9,Traditional Strength Training,0:32:15,227.38,148.97,128,87.93,,,316.0,0.163
2023-05-21,1690.0,105.0,,,,52.0,12303, ,Running,0:30:32,496.25,417.49,174,163.72,3.02,5.93,4610.0,2.52
2023-05-21,1690.0,105.0,,,,52.0,12303, ,Other,0:01:41,23.81,20.96,167,164.13,,,192.0,1.88
2023-05-21,1690.0,105.0,,,,52.0,12303, ,Cycling,0:47:11,667.67,585.09,173,155.41,12.76,16.22,2579.0,0.911
2023-05-21,1690.0,105.0,,,,52.0,12303, ,Other,0:01:23,18.44,15.9,163,153.54,,,45.0,0.539
2023-05-21,1690.0,105.0,,,,52.0,12303, ,Running,0:09:27,125.4,108.29,164,148.25,0.951,6.03,2024.0,3.57
2023-05-22,798.19,67.0,13.5,24.9,155.8,51.0,7484,180.12,Traditional Strength Training,1:03:29,442.07,309.81,147,91.51,,,692.0,0.182
2023-05-23,812.59,31.0,13.4,24.9,155.4,50.0,9630,179.45,Running,0:25:15,357.52,288.19,167,146.23,2.26,5.37,3524.0,2.32
2023-05-24,628.98,46.0,13.4,24.9,155.51,51.0,3759,179.56,Traditional Strength Training,0:39:35,307.55,213.9,149,105.53,,,643.0,0.271
